Team,Salary,Bonus%%%
Business Development,9278498,1067.8099999999997
Client Services,9351789,1112.4810000000002
Distribution,7965042,865.4080000000001
Engineering,8672766,962.595
Finance,9406387,1039.061
Human Resources,8275952,909.4429999999998
Legal,7858718,908.4089999999999
Marketing,8862688,1014.6380000000004
Product,8423223,930.1910000000003
Sales,8664303,950.9899999999998
