Salary,Bonus%%%
9278498,1067.8099999999997
9351789,1112.4810000000002
7965042,865.4080000000001
8672766,962.595
9406387,1039.061
8275952,909.4429999999998
7858718,908.4089999999999
8862688,1014.6380000000004
8423223,930.1910000000003
8664303,950.9899999999998
